nom_interdit,categorie
abou-dhabi,capitales
abuja,capitales
accra,capitales
achgabat,capitales
addis-abeba,capitales
alger,capitales
amman,capitales
amsterdam,capitales
andorre,capitales
andorre-la-vieille,capitales
ankara,capitales
antananarivo,capitales
apia,capitales
asmara,capitales
astana,capitales
asuncion,capitales
athenes,capitales
bagdad,capitales
bakou,capitales
bamako,capitales
bandar-seri-begawan,capitales
bangkok,capitales
bangui,capitales
banjul,capitales
basseterre,capitales
belgrade,capitales
belmopan,capitales
berlin,capitales
berne,capitales
beyrouth,capitales
bichkek,capitales
bissau,capitales
bloemfontein,capitales
bogota,capitales
bonaire,capitales
brasilia,capitales
bratislava,capitales
brazzaville,capitales
bridgetown,capitales
bruxelles,capitales
bucarest,capitales
budapest,capitales
buenos-aires,capitales
bujumbura,capitales
canberra,capitales
caracas,capitales
castries,capitales
chisinau,capitales
conakry,capitales
copenhague,capitales
dacca,capitales
dakar,capitales
damas,capitales
dar-es-salam,capitales
delap-uliga-darrit,capitales
dili,capitales
djibouti,capitales
djouba,capitales
dodoma,capitales
doha,capitales
douchanbe,capitales
dublin,capitales
erevan,capitales
fagatogo,capitales
freetown,capitales
funafuti,capitales
gaborone,capitales
gibraltar,capitales
hagatna,capitales
hamilton,capitales
hanoi,capitales
harare,capitales
hargeisa,capitales
helsinki,capitales
honiara,capitales
islamabad,capitales
jakarta,capitales
jerusalem,capitales
kaboul,capitales
kampala,capitales
katmandou,capitales
khartoum,capitales
kiev,capitales
kigali,capitales
kingston,capitales
kingstown,capitales
kinshasa,capitales
kotte,capitales
koweit,capitales
kralendijk,capitales
kuala-lumpur,capitales
la-havane,capitales
la-haye,capitales
la-paz,capitales
la-valette,capitales
le-caire,capitales
le-cap,capitales
libreville,capitales
lilongwe,capitales
lima,capitales
lisbonne,capitales
ljubljana,capitales
lome,capitales
londres,capitales
luanda,capitales
lusaka,capitales
madrid,capitales
majuro,capitales
malabo,capitales
male,capitales
managua,capitales
manama,capitales
manille,capitales
maputo,capitales
mascate,capitales
maseru,capitales
mbabane,capitales
melekeok,capitales
mexico,capitales
minsk,capitales
mogadiscio,capitales
monrovia,capitales
montevideo,capitales
moroni,capitales
moscou,capitales
mossoul,capitales
nairobi,capitales
nankin,capitales
nassau,capitales
naypyidaw,capitales
ndjamena,capitales
new-delhi,capitales
niamey,capitales
nicosie,capitales
nouakchott,capitales
nuku-alofa,capitales
nukualofa,capitales
oslo,capitales
ottawa,capitales
ouagadougou,capitales
oulan-bator,capitales
palikir,capitales
papeete,capitales
paramaribo,capitales
paris,capitales
pekin,capitales
phnom-penh,capitales
podgorica,capitales
port-au-prince,capitales
port-d-espagne,capitales
port-despagne,capitales
port-louis,capitales
port-moresby,capitales
port-vila,capitales
porto-novo,capitales
prague,capitales
praia,capitales
pretoria,capitales
pristina,capitales
putrajaya,capitales
pyongyang,capitales
quito,capitales
rabat,capitales
ramallah,capitales
reykjavik,capitales
riga,capitales
riyad,capitales
rome,capitales
roseau,capitales
saint-domingue,capitales
saint-johns,capitales
san-jose,capitales
san-salvador,capitales
sanaa,capitales
santiago,capitales
sao-tome,capitales
sarajevo,capitales
seoul,capitales
skopje,capitales
soukhoumi,capitales
sri-jayawardenapura,capitales
stepanakert,capitales
stockholm,capitales
sucre,capitales
suva,capitales
tachkent,capitales
taipei,capitales
tallinn,capitales
tarawa,capitales
tbilissi,capitales
tegucigalpa,capitales
teheran,capitales
tel-aviv,capitales
tel-aviv-jaffa,capitales
thimphou,capitales
tirana,capitales
tiraspol,capitales
tokyo,capitales
tripoli,capitales
tskhinvali,capitales
tunis,capitales
vaduz,capitales
vaiaku,capitales
varsovie,capitales
victoria,capitales
vienne,capitales
vientiane,capitales
vilnius,capitales
washington,capitales
windhoek,capitales
yamoussoukro,capitales
yaounde,capitales
yaren,capitales
zagreb,capitales
belep,communes
bouloupari,communes
bourail,communes
hienghene,communes
houailou,communes
ile-des-pins,communes
iledespins,communes
iles-des-pins,communes
ilesdespins,communes
kouaoua,communes
koumac,communes
lifou,communes
mare,communes
mont-dore,communes
montdore,communes
noomea,communes
ouegoa,communes
ouvea,communes
poindimie,communes
ponerihouen,communes
poro,communes
pouebo,communes
pouembout,communes
poum,communes
poya,communes
tiga,communes
touho,communes
voh,communes
abus-de-pouvoir,crimes
abusdepouvoir,crimes
antisemite,crimes
antisemites,crimes
antisemitisme,crimes
antisemitismes,crimes
arme,crimes
armes,crimes
aryen,crimes
atrocite,crimes
atrocites,crimes
barbarie,crimes
barbaries,crimes
barbarisme,crimes
barbarismes,crimes
bombardement,crimes
bombardements,crimes
bombe,crimes
bombes,crimes
camp-de-concentration,crimes
camp-de-concentrations,crimes
camp-deconcentration,crimes
camp-deconcentrations,crimes
campde-concentration,crimes
campde-concentrations,crimes
campdeconcentration,crimes
campdeconcentrations,crimes
camps-de-concentration,crimes
camps-de-concentrations,crimes
camps-deconcentration,crimes
camps-deconcentrations,crimes
campsde-concentration,crimes
campsde-concentrations,crimes
campsdeconcentration,crimes
campsdeconcentrations,crimes
carabine,crimes
carabines,crimes
carnage,crimes
carnages,crimes
chambre-a-gaz,crimes
chambre-agaz,crimes
chambrea-gaz,crimes
chambreagaz,crimes
chambres-a-gaz,crimes
chambres-agaz,crimes
chambresa-gaz,crimes
chambresagaz,crimes
chemise-brune,crimes
chemise-brunes,crimes
chemise-noire,crimes
chemisebrune,crimes
chemisebrunes,crimes
chemisenoire,crimes
chemises-brune,crimes
chemises-brunes,crimes
chemises-noires,crimes
chemisesbrune,crimes
chemisesbrunes,crimes
chemisesnoires,crimes
collaboration,crimes
collaborations,crimes
combat,crimes
combats,crimes
courdassise,crimes
croix-gammee,crimes
croix-gammees,crimes
croixgammee,crimes
croixgammees,crimes
daech,crimes
daesh,crimes
deportation,crimes
deportations,crimes
djihad,crimes
djihadiste,crimes
epuration-ethnique,crimes
epurationethnique,crimes
epurations-ethniques,crimes
epurationsethniques,crimes
espion,crimes
espionnage,crimes
espionnages,crimes
espionner,crimes
espions,crimes
etat-islamique,crimes
etatislamique,crimes
ethnocide,crimes
ethnocides,crimes
etoile-jaune,crimes
etoile-jaunes,crimes
etoilejaune,crimes
etoilejaunes,crimes
etoiles-jaune,crimes
etoiles-jaunes,crimes
etoilesjaune,crimes
etoilesjaunes,crimes
eugenisme,crimes
eugenismes,crimes
explosif,crimes
explosifs,crimes
extermination,crimes
exterminations,crimes
fascisme,crimes
fascismes,crimes
fasciste,crimes
fascistes,crimes
fausse-monnaie,crimes
fausse-monnaies,crimes
faussemonnaie,crimes
faussemonnaies,crimes
fausses-monnaie,crimes
fausses-monnaies,crimes
faussesmonnaie,crimes
faussesmonnaies,crimes
faux,crimes
four-crematoire,crimes
four-crematoires,crimes
fourcrematoire,crimes
fourcrematoires,crimes
fours-crematoire,crimes
fours-crematoires,crimes
fourscrematoire,crimes
fourscrematoires,crimes
fuhrer,crimes
fuhrers,crimes
fusil,crimes
fusils,crimes
genocide,crimes
genocides,crimes
gestapo,crimes
guerre,crimes
guerre-civile,crimes
guerre-civiles,crimes
guerre-froide,crimes
guerre-froides,crimes
guerrecivile,crimes
guerreciviles,crimes
guerrefroide,crimes
guerrefroides,crimes
guerres,crimes
guerres-civile,crimes
guerres-civiles,crimes
guerres-froide,crimes
guerres-froides,crimes
guerrescivile,crimes
guerresciviles,crimes
guerresfroide,crimes
guerresfroides,crimes
hitler,crimes
hitlerien,crimes
hitleriens,crimes
hitlerisme,crimes
hitlerismes,crimes
hitlers,crimes
holocauste,crimes
holocaustes,crimes
insurrection,crimes
insurrections,crimes
kalachnikov,crimes
kapo,crimes
kristallnacht,crimes
mafia,crimes
massacre,crimes
massacrer,crimes
massacres,crimes
mein-kampf,crimes
meinkampf,crimes
mercenaire,crimes
mercenaires,crimes
milice,crimes
milices,crimes
mussolini,crimes
nazi,crimes
nazis,crimes
nazisme,crimes
nazismes,crimes
neonazisme,crimes
neonazismes,crimes
pogrom,crimes
pogroms,crimes
profanation,crimes
profanations,crimes
profaner,crimes
purification,crimes
purifications,crimes
rebellion,crimes
rebellions,crimes
revisionnisme,crimes
revisionnismes,crimes
revolver,crimes
revolvers,crimes
sabotage,crimes
sabotages,crimes
saboteur,crimes
saboteurs,crimes
securite,crimes
securites,crimes
shoah,crimes
shoahs,crimes
svatiska,crimes
terreur,crimes
terreurs,crimes
terrorisme,crimes
terrorismes,crimes
terroriste,crimes
terroristes,crimes
trahison,crimes
trahisons,crimes
traitre,crimes
traitres,crimes
waffen-ss,crimes
waffenss,crimes
xenophobe,crimes
xenophobes,crimes
xenophobie,crimes
chammal,divers
charlie-hebdo,divers
charliehebdo,divers
covid,divers
enregistrerundomaine,divers
fillon,divers
jacquie&michel,divers
jacquieetmichel,divers
jacquiemichel,divers
je-suis-charlie,divers
je-suis-paris,divers
je-suis-tunis,divers
jesuischarlie,divers
jesuisliban,divers
jesuisparis,divers
jesuistunis,divers
marches-publics,divers
marchespublics,divers
mitterand,divers
obama,divers
pray-for-liban,divers
pray-for-paris,divers
prayforliban,divers
prayforparis,divers
prayfortunis,divers
sarkozy,divers
trump,divers
academie,etat
academies,etat
administration,etat
administrations,etat
ambassade,etat
ambassades,etat
armee,etat
armees,etat
assemblee,etat
assemblee-generale,etat
assemblee-generales,etat
assembleegenerale,etat
assembleegenerales,etat
assemblees,etat
assemblees-generale,etat
assemblees-generales,etat
assembleesgenerale,etat
assembleesgenerales,etat
canton,etat
cantonal,etat
cantonale,etat
cantonales,etat
cantons,etat
cent,etat
centime,etat
centimes,etat
cents,etat
citoyen,etat
citoyenne,etat
citoyennes,etat
citoyennete,etat
citoyennetes,etat
citoyens,etat
college,etat
colleges,etat
commune,etat
communes,etat
conseil-general,etat
conseil-generaux,etat
conseil-regional,etat
conseil-regionaux,etat
conseilgeneral,etat
conseilgeneraux,etat
conseilregional,etat
conseilregionaux,etat
conseils-general,etat
conseils-generaux,etat
conseils-regional,etat
conseils-regionaux,etat
conseilsgeneral,etat
conseilsgeneraux,etat
conseilsregional,etat
conseilsregionaux,etat
constitution,etat
constitutions,etat
cour-d-appel,etat
cour-d-assise,etat
courdappel,etat
cstifrance,etat
decret,etat
decrets,etat
democratie,etat
democraties,etat
departement,etat
departements,etat
depute,etat
deputes,etat
drapeau,etat
drapeaux,etat
ecoles,etat
egalite,etat
egalites,etat
election,etat
elections,etat
elire,etat
en-marche,etat
enfant,etat
enfants,etat
entente-cordiale,etat
ententecordiale,etat
ententes-cordiales,etat
ententescordiales,etat
etat,etat
eetats,etat
euro,etat
euros,etat
fisc,etat
fiscs,etat
franc,etat
france-allemagne,etat
franceallemagne,etat
francs,etat
fraternite,etat
fraternites,etat
gendarme,etat
gendarmerie,etat
gendarmeries,etat
gendarmes,etat
gouvernance,etat
gouvernances,etat
gouvernement,etat
gouvernements,etat
hotel-de-ville,etat
hotel-de-villes,etat
hotel-deville,etat
hotel-devilles,etat
hotelde-ville,etat
hotelde-villes,etat
hoteldeville,etat
hoteldevilles,etat
hotels-de-ville,etat
hotels-de-villes,etat
hotels-deville,etat
hotels-devilles,etat
hotelsde-ville,etat
hotelsde-villes,etat
hotelsdeville,etat
hotelsdevilles,etat
impot,etat
juge,etat
juges,etat
jurisprudence,etat
jurisprudences,etat
justice,etat
justices,etat
legislative,etat
legislatives,etat
loi,etat
lois,etat
lycee,etat
lycees,etat
magistrat,etat
magistrats,etat
maire,etat
maires,etat
mairie,etat
mairies,etat
marine-nationale,etat
marinenationale,etat
marseillaise,etat
marseillaises,etat
mineur,etat
mineurs,etat
ministere,etat
ministeres,etat
ministre,etat
ministres,etat
monnaie,etat
monnaies,etat
municipal,etat
municipale,etat
municipales,etat
musee,etat
musees,etat
nation,etat
nations,etat
opinion-publique,etat
opinion-publiques,etat
opinionpublique,etat
opinionpubliques,etat
opinions-publique,etat
opinions-publiques,etat
opinionspublique,etat
opinionspubliques,etat
parlementaire,etat
parlementaires,etat
parlements,etat
parti,etat
partis,etat
penal,etat
police,etat
polices,etat
policier,etat
policiers,etat
politique,etat
politiques,etat
pompier,etat
pompiers,etat
prefecture,etat
prefectures,etat
prefet,etat
prefets,etat
premier-ministre,etat
premier-ministres,etat
premierministre,etat
premierministres,etat
premiers-ministre,etat
premiers-ministres,etat
premiersministre,etat
premiersministres,etat
president,etat
president-de-la-republique,etat
president-de-larepublique,etat
president-dela-republiqe,etat
president-dela-republique,etat
president-delarepublique,etat
presidentde-la-republique,etat
presidentde-larepublique,etat
presidentdela-republique,etat
presidentdelarepublique,etat
presidentiel,etat
presidentiele,etat
presidentieles,etat
presidentielle,etat
presidentielles,etat
presidentiels,etat
presidents,etat
proces,etat
putsch,etat
putschs,etat
region,etat
regions,etat
republique,etat
republique-francaise,etat
republiquefrancaise,etat
republiques,etat
sapeur-pompier,etat
sapeur-pompiers,etat
sapeurpompier,etat
sapeurpompiers,etat
sapeurs-pompier,etat
sapeurs-pompiers,etat
sapeurspompier,etat
sapeurspompiers,etat
senat,etat
senateur,etat
senateurs,etat
servicepublic,etat
servicespublics,etat
sous-prefecture,etat
sous-prefectures,etat
sousprefecture,etat
sousprefectures,etat
souverainete,etat
territoire,etat
territoires,etat
tribunal,etat
tribunaux,etat
tva,etat
universites,etat
vote,etat
voter,etat
votes,etat
arpa,gtld
biz,gtld
cctlds,gtld
coop,gtld
edu,gtld
ero,gtld
firm,gtld
gov,gtld
gtld,gtld
gtlds,gtld
info,gtld
int,gtld
mil,gtld
museum,gtld
name,gtld
net,gtld
nom,gtld
org,gtld
pro,gtld
rec,gtld
store,gtld
tmk,gtld
web,gtld
dugong,identitaire
gecko,identitaire
nautou,identitaire
patrimoine,identitaire
province,identitaire
provinces,identitaire
roussette,identitaire
roussettes,identitaire
tortue,identitaire
tortues,identitaire
abus-d-autorite,infractions
abus-dautorite,infractions
abus-de-confiance,infractions
abus-de-faiblesse,infractions
abus-deconfiance,infractions
abus-defaiblesse,infractions
abusd-autorite,infractions
abusdautorite,infractions
abusde-confiance,infractions
abusde-faiblesse,infractions
abusdeconfiance,infractions
abusdefaiblesse,infractions
agression,infractions
agressions,infractions
arnaque,infractions
arnaquer,infractions
arnaques,infractions
assassin,infractions
assassinat,infractions
assassinats,infractions
assassiner,infractions
assassins,infractions
attentat,infractions
attentats,infractions
banditisme,infractions
banditismes,infractions
bigamie,infractions
bigamies,infractions
bizutage,infractions
bizutages,infractions
blanchiment,infractions
blanchiments,infractions
blessure,infractions
blessures,infractions
boycott,infractions
boycottage,infractions
boycottages,infractions
boycotts,infractions
braconnage,infractions
braconnages,infractions
braconner,infractions
braquage,infractions
braquages,infractions
calomnie,infractions
calomnies,infractions
cambriolage,infractions
cambriolages,infractions
chantage,infractions
chantages,infractions
chouraver,infractions
clandestin,infractions
clandestins,infractions
complot,infractions
comploter,infractions
complots,infractions
concussion,infractions
concussions,infractions
conspiration,infractions
conspirations,infractions
contravention,infractions
contraventions,infractions
contrebande,infractions
contrebandes,infractions
contrefacon,infractions
contrefacons,infractions
corruption,infractions
corruptions,infractions
coup,infractions
coups,infractions
crime,infractions
crimes,infractions
criminel,infractions
criminels,infractions
debauche,infractions
debauches,infractions
delit,infractions
delits,infractions
destruction,infractions
destructions,infractions
detournement,infractions
detournements,infractions
diffamation,infractions
diffamations,infractions
effraction,infractions
effractions,infractions
emeute,infractions
emeutes,infractions
empoisonnement,infractions
empoisonnements,infractions
empoisonner,infractions
enlevement,infractions
enlevements,infractions
escroquerie,infractions
escroqueries,infractions
excision,infractions
excisions,infractions
execution,infractions
executions,infractions
exhibitionnisme,infractions
exhibitionnismes,infractions
extorquer,infractions
extorsion,infractions
extorsions,infractions
falsification,infractions
falsifications,infractions
faussaire,infractions
faussaires,infractions
fratricide,infractions
fratricides,infractions
fraude,infractions
frauder,infractions
fraudes,infractions
gangster,infractions
gansters,infractions
harcelement,infractions
harcelements,infractions
harceler,infractions
hold-up,infractions
holdup,infractions
homicide,infractions
homicides,infractions
incendiaire,infractions
incendiaires,infractions
incendie,infractions
incendies,infractions
inceste,infractions
incestes,infractions
infanticide,infractions
infanticides,infractions
infraction,infractions
infractions,infractions
injure,infractions
injures,infractions
intrusion,infractions
intrusions,infractions
kidnappeur,infractions
kidnappeurs,infractions
kidnapping,infractions
kidnappings,infractions
kill,infractions
killer,infractions
killers,infractions
killeur,infractions
killeurs,infractions
malfaiteur,infractions
malfaiteurs,infractions
malveillance,infractions
malveillances,infractions
malversation,infractions
malversations,infractions
manoeuvre,infractions
manoeuvres,infractions
matricide,infractions
matricides,infractions
meurtre,infractions
meurtres,infractions
meurtrier,infractions
meurtriers,infractions
offense,infractions
offenses,infractions
otage,infractions
otages,infractions
outrage,infractions
outrages,infractions
parricide,infractions
parricides,infractions
pedophile,infractions
pedophiles,infractions
pedophilie,infractions
pedophilies,infractions
pervers,infractions
pervertion,infractions
pervertions,infractions
pillage,infractions
pillages,infractions
piller,infractions
pilleur,infractions
pilleurs,infractions
piratage,infractions
piratages,infractions
pirate,infractions
pirater,infractions
piraterie,infractions
pirateries,infractions
pirates,infractions
poison,infractions
polygame,infractions
polygames,infractions
polygamie,infractions
polygamies,infractions
prostitution,infractions
prostitutions,infractions
provocation,infractions
provocations,infractions
proxenete,infractions
proxenetes,infractions
proxenetisme,infractions
proxenetismes,infractions
pyromane,infractions
pyromanes,infractions
racket,infractions
racketer,infractions
rackets,infractions
racoler,infractions
racoleur,infractions
racoleurs,infractions
rancon,infractions
ranconner,infractions
rancons,infractions
rapt,infractions
rapts,infractions
recel,infractions
receleur,infractions
receleurs,infractions
recels,infractions
recidive,infractions
recidives,infractions
regicide,infractions
regicides,infractions
scelerat,infractions
scelerats,infractions
sequestration,infractions
sequestrations,infractions
sequestrer,infractions
spoliation,infractions
spoliations,infractions
subornation,infractions
subornations,infractions
suicide,infractions
suicides,infractions
tentative,infractions
tentatives,infractions
trafic,infractions
trafic-d-influence,infractions
trafic-dinfluence,infractions
traficd-influence,infractions
traficdinfluence,infractions
trafics,infractions
trafiquant,infractions
trafiquants,infractions
tromperie,infractions
tromperies,infractions
tuer,infractions
tuerie,infractions
tueries,infractions
tueur,infractions
tueurs,infractions
usurpation,infractions
usurpations,infractions
viol,infractions
violation,infractions
violations,infractions
violence,infractions
violer,infractions
violeur,infractions
violeurs,infractions
viols,infractions
vol,infractions
voler,infractions
voleur,infractions
voleurs,infractions
vols,infractions
zoophilie,infractions
abbe,liberté
abbes,liberté
allah,liberté
allahu-akbar,liberté
allahuakbar,liberté
association,liberté
associations,liberté
bible,liberté
bouddha,liberté
bouddhisme,liberté
bouddhismes,liberté
brahmanisme,liberté
brahmanismes,liberté
catholicisme,liberté
catholicismes,liberté
catholique,liberté
catholiques,liberté
charia,liberté
chretien,liberté
chretiens,liberté
christianisme,liberté
christianismes,liberté
confucianisme,liberté
confucianismes,liberté
coran,liberté
culte,liberté
cultes,liberté
culture,liberté
cultures,liberté
cure,liberté
cures,liberté
diable,liberté
diables,liberté
diacre,liberté
diacres,liberté
dieu,liberté
dieux,liberté
droit,liberté
droit-de-l-homme,liberté
droit-de-la-defense,liberté
droit-de-lhomme,liberté
droit-del-homme,liberté
droitde-l-homme,liberté
droitde-lhomme,liberté
droitdeladefense,liberté
droitdelhomme,liberté
droits,liberté
eglise,liberté
eglises,liberté
envoutement,liberté
envoutements,liberté
envouter,liberté
eveque,liberté
eveques,liberté
expression,liberté
expressions,liberté
greve,liberté
greves,liberté
hindouisme,liberté
hindouismes,liberté
hindouiste,liberté
hindouistes,liberté
imam,liberté
imams,liberté
islam,liberté
islamique,liberté
islamisme,liberté
islamismes,liberté
islamiste,liberté
islamistes,liberté
islams,liberté
jainisme,liberté
jainismes,liberté
judaisme,liberté
judaismes,liberté
juif,liberté
juifs,liberté
laicite,liberté
laicites,liberté
liberte,liberté
manicheisme,liberté
manicheismes,liberté
manifestation,liberté
manifestations,liberté
mazdeisme,liberté
mazdeismes,liberté
mosquee,liberté
mosquees,liberté
musulman,liberté
musulmans,liberté
oratoire,liberté
oratoires,liberté
pasteurs,liberté
propriete,liberté
proprietes,liberté
protestant,liberté
protestantisme,liberté
protestantismes,liberté
protestants,liberté
rabbin,liberté
rabbins,liberté
religion,liberté
religions,liberté
sanctuaire,liberté
sanctuaires,liberté
sante,liberté
santes,liberté
satan,liberté
satanique,liberté
sataniques,liberté
satanisme,liberté
satans,liberté
secte,liberté
sectes,liberté
shintoisme,liberté
shintoismes,liberté
social,liberté
sociaux,liberté
solidarite,liberté
solidarites,liberté
sorcellerie,liberté
sorcelleries,liberté
sorcier,liberté
sorciers,liberté
surete,liberté
synagogue,liberté
synagogues,liberté
syndicalisme,liberté
syndicalismes,liberté
syndicat,liberté
syndicats,liberté
tantrisme,liberté
tantrismes,liberté
taoisme,liberté
taoismes,liberté
temple,liberté
temples,liberté
testament,liberté
testaments,liberté
travail,liberté
vaudou,liberté
vedisme,liberté
vedismes,liberté
youde,liberté
cata,lieu-dit
oundjo,lieu-dit
tieta,lieu-dit
xujo,lieu-dit
1010,marques
alfa-romeo,marques
amazon,marques
amazone,marques
amigo,marques
apple,marques
audi,marques
bentley,marques
bing,marques
bingo,marques
bouygues,marques
bouygues-telecom,marques
bouyguestelecom,marques
breitling,marques
casino,marques
chanel,marques
chrome,marques
citroen-ds,marques
citroends,marques
cocacola,marques
darty,marques
dior,marques
drupal,marques
ebay,marques
euromillions,marques
facebook,marques
fdj,marques
ferrarri,marques
firefox,marques
francetelecom,marques
gdf-suez,marques
gdfsuez,marques
gmail,marques
google,marques
greatwall,marques
gucci,marques
hermes,marques
hotmail,marques
imac,marques
instagram,marques
ipad,marques
iphone,marques
itune,marques
itunes,marques
kia,marques
lamborghini,marques
lancel,marques
lancia,marques
land-rover,marques
larousse,marques
leboncoin,marques
lipton,marques
liptonic,marques
loto,marques
macintosh,marques
marriott,marques
mazda,marques
mercedes,marques
messenger,marques
microsoft,marques
mozilla,marques
msn,marques
nintendo,marques
number-one,marques
numericable,marques
opera,marques
oreo,marques
outlook,marques
paybox,marques
paypal,marques
pepsi,marques
pinterest,marques
pokemon,marques
pokemon-go,marques
pokemongo,marques
qlik,marques
red-bull,marques
redbull,marques
ricard,marques
rolls-royce,marques
samsung,marques
schweppes,marques
sfr,marques
sheraton,marques
sncf,marques
sony,marques
suzuki,marques
thiriet,marques
ticket-restaurant,marques
tinder,marques
tropicana,marques
twitter,marques
uber,marques
ubuntu,marques
undiz,marques
viber,marques
vimeo,marques
volvo,marques
vuitton,marques
walker,marques
yahoo,marques
youtube,marques
africalab,organismes_internationaux
aiadd,organismes_internationaux
aquassistance,organismes_internationaux
asean,organismes_internationaux
awely,organismes_internationaux
bird,organismes_internationaux
bit,organismes_internationaux
casque-bleu,organismes_internationaux
casque-bleus,organismes_internationaux
casquebleu,organismes_internationaux
casquebleus,organismes_internationaux
casques-bleu,organismes_internationaux
casques-bleus,organismes_internationaux
casquesbleu,organismes_internationaux
casquesbleus,organismes_internationaux
ceca,organismes_internationaux
cee,organismes_internationaux
cij,organismes_internationaux
cjce,organismes_internationaux
cnil,organismes_internationaux
cnuced,organismes_internationaux
euratom,organismes_internationaux
fao,organismes_internationaux
fifa,organismes_internationaux
fne,organismes_internationaux
gatt,organismes_internationaux
geres,organismes_internationaux
gmi,organismes_internationaux
goodplanet,organismes_internationaux
greenpeace,organismes_internationaux
ifes,organismes_internationaux
jeux-olympiques,organismes_internationaux
jeux-paralympiques,organismes_internationaux
jeuxolympiques,organismes_internationaux
jeuxparalympiques,organismes_internationaux
kafor,organismes_internationaux
kfor,organismes_internationaux
msf,organismes_internationaux
nato,organismes_internationaux
ocde,organismes_internationaux
ofce,organismes_internationaux
oibt,organismes_internationaux
omi,organismes_internationaux
omm,organismes_internationaux
ompi,organismes_internationaux
oms,organismes_internationaux
ong,organismes_internationaux
onu,organismes_internationaux
opep,organismes_internationaux
otan,organismes_internationaux
oua,organismes_internationaux
pnud,organismes_internationaux
rio2016,organismes_internationaux
sages,organismes_internationaux
tpi,organismes_internationaux
uefa,organismes_internationaux
uit,organismes_internationaux
uncitral,organismes_internationaux
unesco,organismes_internationaux
unidir,organismes_internationaux
unrwa,organismes_internationaux
wipo,organismes_internationaux
xxunesco,organismes_internationaux
afnic,organismesi_internet
apnic,organismesi_internet
arin,organismesi_internet
centr,organismesi_internet
iab,organismesi_internet
iana,organismesi_internet
icann,organismesi_internet
iesg,organismesi_internet
ietf,organismesi_internet
internic,organismesi_internet
nic,organismesi_internet
registrar,organismesi_internet
registrars,organismesi_internet
registries,organismesi_internet
registry,organismesi_internet
ripe,organismesi_internet
w3,organismesi_internet
w3c,organismesi_internet
afrique,pays
afrique-du-sud,pays
afrique-dusud,pays
afriquedu-sud,pays
afriquedusud,pays
albanie,pays
algerie,pays
allemagne,pays
amerique,pays
angleterre,pays
antigua,pays
argentine,pays
armenie,pays
asie,pays
australie,pays
autriche,pays
azerbaidjan,pays
bahamas,pays
bahrein,pays
bangladesh,pays
barbade,pays
belarus,pays
belgique,pays
belize,pays
benin,pays
bolivie,pays
bosnie-herzegovine,pays
bosnieherzegovine,pays
botswana,pays
bresil,pays
bulgarie,pays
burkina-faso,pays
burkinafaso,pays
burundi,pays
caledonie,pays
cambodge,pays
cameroun,pays
canada,pays
centrafique,pays
chili,pays
chine,pays
chypre,pays
colombie,pays
congo,pays
coree,pays
coree-du-nord,pays
coree-du-sud,pays
coree-dunord,pays
coree-dusud,pays
coreedu-nord,pays
coreedu-sud,pays
coreedunord,pays
coreedusud,pays
costa-rica,pays
costarica,pays
cote-d-ivoire,pays
cote-divoire,pays
coted-ivoire,pays
cotedivoire,pays
coteivoire,pays
croatie,pays
cuba,pays
danemark,pays
dominique,pays
egypte,pays
el-salvador,pays
elsalvador,pays
emirats-arabes-unis,pays
emirats-arabesunis,pays
emiratsarabes-unis,pays
emiratsarabesunis,pays
equateur,pays
espagne,pays
estonie,pays
etats-unis,pays
etats-unis-d-amerique,pays
etatsunis,pays
europe,pays
federation-de-russie,pays
federation-derussie,pays
federationde-russie,pays
federationderussie,pays
finlande,pays
france,pays
gabon,pays
gambie,pays
georgie,pays
ghana,pays
grande-bretagne,pays
grandebretagne,pays
grece,pays
grenade,pays
grenadines,pays
guatemala,pays
guinee,pays
guinee-bissau,pays
guinee-equatoriale,pays
guineebissau,pays
guineeequatoriale,pays
guyana,pays
haiti,pays
hollande,pays
honduras,pays
hongrie,pays
inde,pays
indonesie,pays
iran,pays
iraq,pays
irlande,pays
islande,pays
israel,pays
italie,pays
jamahiriya-arabe-libyenne,pays
jamaique,pays
japon,pays
jordanie,pays
kanaky,pays
kazakhstan,pays
kenya,pays
kirghizistan,pays
laos,pays
lesotho,pays
lettonie,pays
liban,pays
liberia,pays
libye,pays
liechtenstein,pays
lituanie,pays
luxembourg,pays
madagascar,pays
malaisie,pays
malawi,pays
mali,pays
malte,pays
maroc,pays
maurice,pays
mauritanie,pays
mexique,pays
monaco,pays
mongolie,pays
moyen-orient,pays
moyenorient,pays
mozambique,pays
nevis,pays
nicaragua,pays
niger,pays
nigeria,pays
norvege,pays
nouvelle-caledonie,pays
nouvelle-guinee,pays
nouvelle-zelande,pays
nouvellecaledonie,pays
nouvelleguinee,pays
nouvellezelande,pays
oceanie,pays
oman,pays
ouganda,pays
ouzbekistan,pays
panama,pays
papouasie-nouvelle-guinee,pays
papouasie-nouvelleguinee,pays
papouasienouvelle-guinee,pays
papouasienouvelleguinee,pays
paraguay,pays
pays-bas,pays
paysbas,pays
perou,pays
philippines,pays
pologne,pays
portugal,pays
republique-arabe-syrienne,pays
republique-arabesyrienne,pays
republique-centrafricaine,pays
republique-de-coree,pays
republique-de-moldova,pays
republique-decoree,pays
republique-democratique-du-congo,pays
republique-democratique-ducongo,pays
republique-democratique-populaire-laos,pays
republique-dominicaine,pays
republique-islamique-d-iran,pays
republique-populaire-democratique-de-coree,pays
republique-tcheque,pays
republique-unie-de-tanzanie,pays
republique-yougoslave-de-macedoine,pays
republique-yougoslave-demacedoine,pays
republique-yougoslavede-macedoine,pays
republiquearabe-syrienne,pays
republiquearabesyrienne,pays
republiquecentrafricaine,pays
republiquede-coree,pays
republiquede-moldova,pays
republiquedecoree,pays
republiquedemocratique-du-congo,pays
republiquedemocratiqueducongo,pays
republiquedemoldova,pays
republiquedominicaine,pays
republiquetcheque,pays
republiqueyougoslave-de-macedoine,pays
republiqueyougoslavede-macedoine,pays
republiqueyougoslavedemacedoine,pays
roumanie,pays
royaume-uni,pays
royaumeuni,pays
rwanda,pays
saint-kitts,pays
saint-kitts-et-nevis,pays
saint-marin,pays
saint-siege,pays
saint-vincent-et-les-grenadines,pays
sainte-lucie,pays
saintelucie,pays
saintkittnevis,pays
saintkitts,pays
saintkitts-et-nevis,pays
saintkittsetnevis,pays
saintmarin,pays
saintsiege,pays
salvador,pays
sao-tome-et-principe,pays
sao-tome-principe,pays
saotome-et-principe,pays
saotome-principe,pays
saotomeetetprincipe,pays
saotomeprincipe,pays
senegal,pays
sierra-leone,pays
sierraleone,pays
singapour,pays
slovaquie,pays
slovenie,pays
soudan,pays
sri-lanka,pays
srilanka,pays
suede,pays
suisse,pays
suriname,pays
swaziland,pays
syrie,pays
tadjikistan,pays
tanzanie,pays
tchad,pays
togo,pays
trinite-et-tobago,pays
trinite-ettobago,pays
triniteet-tobago,pays
triniteettobago,pays
tunisie,pays
turkmenistan,pays
turquie,pays
ukraine,pays
uruguay,pays
usa,pays
vatican,pays
venezuela,pays
viet-nam,pays
vietnam,pays
yougoslavie,pays
zambie,pays
zimbabwe,pays
aeroport,professions_reglementees
aeroports,professions_reglementees
aide-soignant,professions_reglementees
aide-soignante,professions_reglementees
aides-soignantes,professions_reglementees
aides-soignants,professions_reglementees
ambulancier,professions_reglementees
ambulanciers,professions_reglementees
aoc,professions_reglementees
architecte,professions_reglementees
architectes,professions_reglementees
artisan,professions_reglementees
artisans,professions_reglementees
assedic,professions_reglementees
assedics,professions_reglementees
asso,professions_reglementees
assos,professions_reglementees
audio-prothesiste,professions_reglementees
audio-prothesistes,professions_reglementees
audioprothesiste,professions_reglementees
audioprothesistes,professions_reglementees
avocat,professions_reglementees
avocats,professions_reglementees
avoue,professions_reglementees
avoues,professions_reglementees
barreau,professions_reglementees
barreaux,professions_reglementees
bijouterie,professions_reglementees
bijoutier,professions_reglementees
bijoutiers,professions_reglementees
biologiste,professions_reglementees
biologistes,professions_reglementees
brancardier,professions_reglementees
brancardiers,professions_reglementees
chirurgien,professions_reglementees
chirurgien-dentiste,professions_reglementees
chirurgien-dentistes,professions_reglementees
chirurgiendentiste,professions_reglementees
chirurgiendentistes,professions_reglementees
chirurgiens,professions_reglementees
chirurgiens-dentiste,professions_reglementees
chirurgiens-dentistes,professions_reglementees
chirurgiensdentiste,professions_reglementees
chirurgiensdentistes,professions_reglementees
comptable,professions_reglementees
comptables,professions_reglementees
dentiste,professions_reglementees
dentistes,professions_reglementees
dermatologue,professions_reglementees
dieteticien,professions_reglementees
dieteticienne,professions_reglementees
dieteticiennes,professions_reglementees
dieteticiens,professions_reglementees
docteur,professions_reglementees
docteurs,professions_reglementees
ergotherapeute,professions_reglementees
ergotherapeutes,professions_reglementees
expert-comptable,professions_reglementees
expert-comptables,professions_reglementees
expertcomptable,professions_reglementees
expertcomptables,professions_reglementees
experts-comptable,professions_reglementees
experts-comptables,professions_reglementees
expertscomptable,professions_reglementees
expertscomptables,professions_reglementees
generaliste,professions_reglementees
generalistes,professions_reglementees
geometre,professions_reglementees
geometre-expert,professions_reglementees
geometre-experts,professions_reglementees
geometreexpert,professions_reglementees
geometreexperts,professions_reglementees
geometres,professions_reglementees
geometres-expert,professions_reglementees
geometres-experts,professions_reglementees
geometresexpert,professions_reglementees
geometresexperts,professions_reglementees
huissier,professions_reglementees
huissier-de-justice,professions_reglementees
huissier-de-justices,professions_reglementees
huissier-justice,professions_reglementees
huissier-justices,professions_reglementees
huissierdejustice,professions_reglementees
huissierdejustices,professions_reglementees
huissierjustice,professions_reglementees
huissierjustices,professions_reglementees
huissiers,professions_reglementees
huissiers-de-justice,professions_reglementees
huissiers-de-justices,professions_reglementees
huissiers-justice,professions_reglementees
huissiers-justices,professions_reglementees
huissiersdejustice,professions_reglementees
huissiersdejustices,professions_reglementees
huissiersjustice,professions_reglementees
huissiersjustices,professions_reglementees
infirmier,professions_reglementees
infirmiere,professions_reglementees
infirmieres,professions_reglementees
infirmiers,professions_reglementees
journalisme,professions_reglementees
journaliste,professions_reglementees
journalistes,professions_reglementees
kinesitherapeute,professions_reglementees
kinesitherapeutes,professions_reglementees
kinesitherapie,professions_reglementees
kinesitherapies,professions_reglementees
laborantin,professions_reglementees
laborantins,professions_reglementees
maitre-artisan,professions_reglementees
maitreartisan,professions_reglementees
maitres-artisan,professions_reglementees
maitresartisans,professions_reglementees
masseur,professions_reglementees
masseur-kinesitherapeute,professions_reglementees
masseur-kinesitherapeutes,professions_reglementees
masseurs,professions_reglementees
masseurs-kinesitherapeute,professions_reglementees
masseurs-kinesitherapeutes,professions_reglementees
masseurskinesitherapeutes,professions_reglementees
medecin,professions_reglementees
medecins,professions_reglementees
noms,professions_reglementees
notaire,professions_reglementees
notaires,professions_reglementees
odontologiste,professions_reglementees
odontologistes,professions_reglementees
opticien,professions_reglementees
opticiens,professions_reglementees
orthodontistes,professions_reglementees
orthophoniste,professions_reglementees
orthophonistes,professions_reglementees
orthoptiste,professions_reglementees
orthoptistes,professions_reglementees
pedicure,professions_reglementees
pedicures,professions_reglementees
pharmacien,professions_reglementees
pharmaciens,professions_reglementees
podologue,professions_reglementees
podologues,professions_reglementees
port,professions_reglementees
ports,professions_reglementees
prd,professions_reglementees
presse,professions_reglementees
presses,professions_reglementees
procureur,professions_reglementees
procureurs,professions_reglementees
prothesiste-dentaire,professions_reglementees
prothesistedentaire,professions_reglementees
prothesistes-dentaire,professions_reglementees
prothesistesdentaires,professions_reglementees
psychiatre,professions_reglementees
psychiatres,professions_reglementees
psychiatrie,professions_reglementees
psychologie,professions_reglementees
psychologue,professions_reglementees
psychologues,professions_reglementees
psychomotricien,professions_reglementees
psychomotriciens,professions_reglementees
reporter,professions_reglementees
reporters,professions_reglementees
sage-femme,professions_reglementees
sage-femmes,professions_reglementees
sagefemme,professions_reglementees
sagefemmes,professions_reglementees
sages-femme,professions_reglementees
sagesfemme,professions_reglementees
sagesfemmes,professions_reglementees
syndic,professions_reglementees
tabacologue,professions_reglementees
tabacologues,professions_reglementees
urbaniste,professions_reglementees
urbanistes,professions_reglementees
veterinaire,professions_reglementees
veterinaires,professions_reglementees
acap,protocoles_internet
adsl,protocoles_internet
afs,protocoles_internet
anycast,protocoles_internet
arpanet,protocoles_internet
arpanets,protocoles_internet
avi,protocoles_internet
blog,protocoles_internet
chap,protocoles_internet
com,protocoles_internet
courriel,protocoles_internet
courriels,protocoles_internet
courrier-electronique,protocoles_internet
courrierelectronique,protocoles_internet
courriers-electroniques,protocoles_internet
courrierselectroniques,protocoles_internet
darpa,protocoles_internet
data,protocoles_internet
dav,protocoles_internet
dhcp,protocoles_internet
divx,protocoles_internet
dns,protocoles_internet
e-164,protocoles_internet
e-mail,protocoles_internet
e164,protocoles_internet
email,protocoles_internet
enum,protocoles_internet
epp,protocoles_internet
extranet,protocoles_internet
extranets,protocoles_internet
file,protocoles_internet
finger,protocoles_internet
ftp,protocoles_internet
gandi,protocoles_internet
gdpr,protocoles_internet
gif,protocoles_internet
gondwana,protocoles_internet
gopher,protocoles_internet
html,protocoles_internet
http,protocoles_internet
icmp,protocoles_internet
ident,protocoles_internet
igmp,protocoles_internet
imap,protocoles_internet
in-addr,protocoles_internet
internet,protocoles_internet
internets,protocoles_internet
intranet,protocoles_internet
intranets,protocoles_internet
ip,protocoles_internet
ipng,protocoles_internet
ipsec,protocoles_internet
ipv4,protocoles_internet
ipv6,protocoles_internet
java,protocoles_internet
javascript,protocoles_internet
ldap,protocoles_internet
mail,protocoles_internet
mailserver,protocoles_internet
mailservers,protocoles_internet
mailto,protocoles_internet
mime,protocoles_internet
mov,protocoles_internet
mp3,protocoles_internet
mp4,protocoles_internet
mpeg,protocoles_internet
multicast,protocoles_internet
nfs,protocoles_internet
nntp,protocoles_internet
ogg,protocoles_internet
osi,protocoles_internet
osx,protocoles_internet
ovh,protocoles_internet
php,protocoles_internet
pop,protocoles_internet
pop3,protocoles_internet
postmaster,protocoles_internet
postmasters,protocoles_internet
prospero,protocoles_internet
real,protocoles_internet
register,protocoles_internet
rfc,protocoles_internet
rgpd,protocoles_internet
rtfm,protocoles_internet
rtsp,protocoles_internet
sms,protocoles_internet
smtp,protocoles_internet
tcp,protocoles_internet
tcp-ip,protocoles_internet
tcpip,protocoles_internet
telnet,protocoles_internet
tftp,protocoles_internet
tip,protocoles_internet
tn3270,protocoles_internet
unicast,protocoles_internet
uri,protocoles_internet
url,protocoles_internet
vemmi,protocoles_internet
wais,protocoles_internet
webmaster,protocoles_internet
webmasters,protocoles_internet
whois,protocoles_internet
wix,protocoles_internet
wml,protocoles_internet
www,protocoles_internet
x400,protocoles_internet
x42d,protocoles_internet
x500,protocoles_internet
xhtml,protocoles_internet
xml,protocoles_internet
zip,protocoles_internet
absinthe,sante
absinthes,sante
acid,sante
acide,sante
acides,sante
acids,sante
alcool,sante
alcoolisme,sante
alcoolismes,sante
alcools,sante
amphetamine,sante
amphetamines,sante
anabolisant,sante
anabolisants,sante
avortement,sante
avortements,sante
barrette,sante
barrettes,sante
came,sante
canabis,sante
cannabis,sante
cellule,sante
clone,sante
cobaye,sante
cobayes,sante
cocaine,sante
cocaines,sante
coke,sante
cokes,sante
corps,sante
crack,sante
cracks,sante
dealer,sante
dealers,sante
defonce,sante
defoncer,sante
defonces,sante
dopage,sante
dopages,sante
dope,sante
dopes,sante
drogue,sante
drogues,sante
ecstasy,sante
embryon,sante
embryons,sante
fecondation,sante
fiv,sante
fix,sante
foetus,sante
fumette,sante
fumettes,sante
gammette,sante
gammettes,sante
genetique,sante
genetiques,sante
genome,sante
genomes,sante
greffe,sante
greffes,sante
hachisch,sante
hachischs,sante
handicape,sante
handisport,sante
herbe,sante
herbes,sante
heroine,sante
heroines,sante
insemination,sante
inseminations,sante
ivg,sante
ivresse,sante
ivresses,sante
joint,sante
joints,sante
junkie,sante
junkies,sante
lsd,sante
marijuana,sante
marijuanas,sante
medicament,sante
medicaments,sante
mere-porteuse,sante
mere-porteuses,sante
mereporteuse,sante
mereporteuses,sante
meres-porteuse,sante
meres-porteuses,sante
meresporteuse,sante
meresporteuses,sante
morphine,sante
morphines,sante
narcotique,sante
narcotiques,sante
narcotrafiquant,sante
narcotrafiquants,sante
opium,sante
organe,sante
organes,sante
overdose,sante
overdoses,sante
pharmacie,sante
pharmacies,sante
poppers,sante
poudre,sante
poudres,sante
sang,sante
schnouf,sante
schnoufs,sante
shit,sante
shoot,sante
shoots,sante
stup,sante
stupefiant,sante
stupefiants,sante
stups,sante
tabac,sante
tabacs,sante
tabagisme,sante
tabagismes,sante
toxicomanie,sante
toxicomanies,sante
transplantation,sante
transplantations,sante
academie-noumea,structures
agence,structures
agences,structures
banques,structures
cabinet,structures
cabinets,structures
comite-entreprise,structures
comiteentreprise,structures
comites-entreprises,structures
comitesentreprises,structures
confederation,structures
confederations,structures
cooperative,structures
cooperatives,structures
corporation,structures
corporations,structures
entreprise,structures
entreprises,structures
epa,structures
epic,structures
epst,structures
etablissement,structures
etablissements,structures
eurl,structures
federation,structures
federations,structures
filiale,structures
filiales,structures
fondation,structures
fondations,structures
gie,structures
gip,structures
group,structures
groupe,structures
groupes,structures
holding,structures
holdings,structures
institut,structures
instituts,structures
parcoursup,structures
parcoursup-nouvelle-caledonie,structures
parcoursupnc,structures
pme,structures
rcs,structures
reunions,structures
ridet,structures
sarl,structures
sas,structures
scea,structures
sci,structures
scp,structures
scs,structures
sep,structures
siren,structures
sirene,structures
siret,structures
snc,structures
societe,structures
societes,structures
srl,structures
ssii,structures
ssiis,structures
statut,structures
statuts,structures
succursale,structures
succursales,structures
union,structures
unions,structures
amonkasioriououena,tribus
arama,tribus
ateou,tribus
atha,tribus
azareu,tribus
ba,tribus
baaba,tribus
baco,tribus
baguanda,tribus
balade,tribus
balagam,tribus
banare,tribus
bangou,tribus
banout,tribus
baoui,tribus
bas-coulna,tribus
bayes,tribus
boakaine,tribus
boat-pass,tribus
boeareu,tribus
bonde,tribus
bopope,tribus
boreare,tribus
borendy,tribus
bouarou,tribus
bouelas,tribus
bouirou,tribus
boulouparis,tribus
boyen,tribus
caavatch,tribus
canala,tribus
cengeite,tribus
ceni,tribus
ceynon,tribus
chepenehe,tribus
coinde,tribus
colnett,tribus
comagna,tribus
conception,tribus
congouma,tribus
coula,tribus
couli,tribus
cuaden,tribus
cui,tribus
diahot,tribus
doking,tribus
dozip,tribus
drehu,tribus
dueulu,tribus
eacho,tribus
embouchure,tribus
eni,tribus
eot-stjoseph,tribus
fayaoue,tribus
fayawa,tribus
foue,tribus
gadji,tribus
gaitcha,tribus
galagaoui,tribus
galilee,tribus
gamai,tribus
ganem,tribus
gatope,tribus
gelima,tribus
goa,tribus
gohapin,tribus
gomen,tribus
gonde,tribus
goro,tribus
gossanah,tribus
gouaraoui,tribus
gouareu,tribus
gouaro,tribus
goyetta,tribus
grandborendy,tribus
grandcouli,tribus
grochain,tribus
grondu,tribus
guahma,tribus
guei,tribus
hanawa,tribus
haouli,tribus
hapetra,tribus
haut-coulna,tribus
hmeleck,tribus
hnadide,tribus
hnadro,tribus
hnaeu,tribus
hnainedre,tribus
hnapalu,tribus
hnasse,tribus
hnawayetch,tribus
hunete,tribus
hunoj,tribus
iaai,tribus
imone,tribus
ina,tribus
inagod,tribus
joj,tribus
juu,tribus
kaewatine,tribus
kamoui,tribus
kaora,tribus
kapoue,tribus
karagreu,tribus
kedeigne,tribus
kenerou,tribus
kere,tribus
kirinata,tribus
koeponandou,tribus
koh,tribus
kokingone,tribus
koniambo,tribus
konoyessahoue,tribus
kouare,tribus
kouergoa,tribus
koulnoue,tribus
koumapocquereux,tribus
koumendi,tribus
kua,tribus
kuine,tribus
kumo,tribus
kurine,tribus
lapita,tribus
laroche,tribus
lecaillou,tribus
lekine,tribus
lewarap,tribus
limite,tribus
linderalique,tribus
loessi,tribus
luecilla,tribus
luengoni,tribus
manghine,tribus
me,tribus
meamebara,tribus
meareu,tribus
mebuet,tribus
mechin,tribus
medaouya,tribus
mehoue,tribus
menaku,tribus
meomo,tribus
mereneme,tribus
mia,tribus
moindou,tribus
momea,tribus
moneo,tribus
montfaoue,tribus
mou,tribus
mouli,tribus
mutchaweng,tribus
nakety,tribus
nanemehu,tribus
nanemuhata,tribus
nang,tribus
naniouni,tribus
nanon,tribus
napoemien,tribus
narai,tribus
nassirah,tribus
nassirah-ya,tribus
nassirahya,tribus
natchaom,tribus
nathalo,tribus
nde,tribus
neami,tribus
neaoua,tribus
nearia,tribus
neavin,tribus
neba,tribus
neboueba,tribus
nediouen,tribus
nedivin,tribus
nekliaikradji,tribus
nekoue,tribus
neoa,tribus
neouta,tribus
neouyo,tribus
nepou,tribus
nerin,tribus
nessakouya,tribus
nessapoue,tribus
netchaot,tribus
netche,tribus
netea,tribus
neya,tribus
nimaha,tribus
nimbayes,tribus
nindiah,tribus
nindien,tribus
noeli,tribus
noelly,tribus
nonhoue,tribus
ny,tribus
ognahut,tribus
ognat,tribus
oingo,tribus
ometteux,tribus
ouaene,tribus
ouaieme,tribus
ouakaya,tribus
ouanache,tribus
ouaoue,tribus
ouara,tribus
ouare,tribus
ouassadieu,tribus
ouasse,tribus
ouatchia,tribus
ouate,tribus
ouatom,tribus
ouayaguette,tribus
oue-hawa,tribus
ouelisse,tribus
ouemba,tribus
ouen,tribus
ouen-kout,tribus
ouen-pouest,tribus
ouendji,tribus
ouene,tribus
ouenghe,tribus
ouenghip,tribus
ouengo,tribus
ouenia,tribus
oueroupimet,tribus
ouessoin,tribus
ouinane-netea,tribus
ouinanenetea,tribus
ouindo,tribus
ouipoin,tribus
ouitchambo,tribus
ouloup,tribus
ounes,tribus
ouroue,tribus
paalo,tribus
paama,tribus
padawa,tribus
pagou,tribus
paimboas,tribus
paita,tribus
pambou,tribus
panaki,tribus
pangai,tribus
pangou,tribus
panie,tribus
paolapoyes,tribus
paop,tribus
paoutabai,tribus
paraoua,tribus
paraouye,tribus
patho,tribus
penelo,tribus
petitborendy,tribus
petitcouli,tribus
peyece,tribus
pindache,tribus
po,tribus
poindah,tribus
poindjap,tribus
poingam,tribus
pombei,tribus
portbouquet,tribus
pothe,tribus
pouembanou,tribus
pouiou,tribus
poutchala,tribus
pouyemben,tribus
poyes,tribus
qanono,tribus
rawa,tribus
ro,tribus
roibahon,tribus
sainpaul,tribus
saintadolphe,tribus
saintdenis,tribus
saintdenisbalade,tribus
sainteanne,tribus
saintemarie,tribus
saintemariebalade,tribus
saintetherese,tribus
saintferdinand,tribus
saintgabriel,tribus
saintgabrielbalade,tribus
saintjean-baptiste,tribus
saintjeanbaptiste,tribus
saintjoachim,tribus
saintjoseph,tribus
saintlaurent,tribus
saintlouis,tribus
saintmichel,tribus
saintpaul,tribus
saintphilippo,tribus
saintpierre,tribus
saintthimothee,tribus
saintthomas,tribus
saintyves,tribus
sarramea,tribus
siloam,tribus
sinoj,tribus
taanlo,tribus
tableunio,tribus
tadine,tribus
takedji,tribus
tawainedre,tribus
tchamba,tribus
tchamboene,tribus
tegon,tribus
temala,tribus
temeline,tribus
tenane,tribus
tenda,tribus
tendo,tribus
teouta,tribus
teouta-ounes,tribus
thio,tribus
thogone,tribus
thu,tribus
thuahaick,tribus
ti-ounao,tribus
tiabet,tribus
tiakana,tribus
tiaoue,tribus
tiari,tribus
tibarama,tribus
tie,tribus
tiendanite,tribus
tieti,tribus
tilougne,tribus
tingeting,tribus
tiole,tribus
tiouande,tribus
titch,tribus
tiwaka,tribus
tiwamack,tribus
touaourou,tribus
touete,tribus
touhomission,tribus
traput,tribus
tuaioutiouae,tribus
tuho,tribus
tye,tribus
unia,tribus
vao,tribus
vieuxtouho,tribus
wabao,tribus
wadrilla,tribus
wagap,tribus
wahat,tribus
waho,tribus
wakat,tribus
wakone,tribus
wakuarory,tribus
wanac,tribus
wapan,tribus
warai,tribus
wassagne,tribus
wedumel,tribus
weneki,tribus
wet,tribus
wiwatul,tribus
xode,tribus
yambe,tribus
yande,tribus
yate,tribus
yenghebane,tribus
youati,tribus
bordel,valeurs
bordels,valeurs
bourreau,valeurs
bourreaux,valeurs
cadavre,valeurs
cadavres,valeurs
colonisation,valeurs
con,valeurs
connard,valeurs
croix-celtique,valeurs
croixceltique,valeurs
croixceltiques,valeurs
crouille,valeurs
crouilles,valeurs
discrimination,valeurs
encule,valeurs
esclavage,valeurs
esclavagisme,valeurs
esclave,valeurs
esclaves,valeurs
macchabee,valeurs
macchabees,valeurs
maison-close,valeurs
maison-closes,valeurs
maisonclose,valeurs
maisoncloses,valeurs
maisons-close,valeurs
maisons-closes,valeurs
maisonsclose,valeurs
maisonscloses,valeurs
martyre,valeurs
martyres,valeurs
martyriser,valeurs
mort,valeurs
morts,valeurs
mutilation,valeurs
persecuter,valeurs
persecution,valeurs
persecutions,valeurs
porn,valeurs
porno,valeurs
pornographie,valeurs
prisonnier,valeurs
prisonniers,valeurs
race,valeurs
races,valeurs
racisme,valeurs
racismes,valeurs
raciste,valeurs
racistes,valeurs
sadique,valeurs
sadiques,valeurs
sadisme,valeurs
sadismes,valeurs
sevice,valeurs
sevices,valeurs
sex,valeurs
sexe,valeurs
supplice,valeurs
supplices,valeurs
tortionnaire,valeurs
tortionnaires,valeurs
torture,valeurs
tortures,valeurs
traite,valeurs
traites,valeurs
travesti,valeurs
travestis,valeurs
